{"val_loss_class_step": 0.0, "trainer/global_step": 2499, "_timestamp": 1693504970.6249187, "_runtime": 82.15935468673706, "_step": 949, "val_loss_class_epoch": 0.0, "epoch": 99, "train_loss_class_epoch": 0.0, "train_loss_class_step": 0.0, "gradients/graph_1augment_model.layers.8.bias": {"_type": "histogram", "values": [1.0, 0.0, 0.0, 0.0, 0.0, 0.0, 0.0, 0.0, 0.0, 0.0, 0.0, 0.0, 0.0, 0.0, 0.0, 0.0, 0.0, 0.0, 0.0, 0.0, 0.0, 0.0, 0.0, 0.0, 0.0, 0.0, 0.0, 0.0, 0.0, 0.0, 0.0, 0.0, 0.0, 0.0, 0.0, 0.0, 0.0, 0.0, 0.0, 0.0, 0.0, 0.0, 0.0, 0.0, 0.0, 0.0, 0.0, 0.0, 0.0, 0.0, 0.0, 0.0, 0.0, 0.0, 0.0, 0.0, 0.0, 0.0, 0.0, 0.0, 0.0, 0.0, 0.0, 1.0], "bins": [9.503531859036962e-13, 1.0144312690210655e-12, 1.078509460558652e-12, 1.1425875436760213e-12, 1.2066657352136079e-12, 1.2707438183309772e-12, 1.3348220098685637e-12, 1.398900092985933e-12, 1.4629781761033023e-12, 1.5270563676408888e-12, 1.591134450758258e-12, 1.6552126422958446e-12, 1.719290725413214e-12, 1.7833689169508005e-12, 1.847447108488387e-12, 1.9115251916057563e-12, 1.9756032747231256e-12, 2.039681357840495e-12, 2.103759440957864e-12, 2.167837740915668e-12, 2.2319158240330372e-12, 2.2959939071504065e-12, 2.360071990267776e-12, 2.4241502902255796e-12, 2.488228373342949e-12, 2.552306456460318e-12, 2.6163845395776875e-12, 2.6804626226950568e-12, 2.7445409226528605e-12, 2.80861900577023e-12, 2.872697088887599e-12, 2.9367751720049684e-12, 3.0008532551223377e-12, 3.064931338239707e-12, 3.1290094213570763e-12, 3.19308772131488e-12, 3.2571658044322493e-12, 3.3212438875496186e-12, 3.385321970666988e-12, 3.4494002706247917e-12, 3.513478353742161e-12, 3.5775564368595303e-12, 3.641634736817334e-12, 3.705712819934703e-12, 3.769790903052073e-12, 3.833868986169442e-12, 3.897947069286811e-12, 3.9620251524041805e-12, 4.02610323552155e-12, 4.090181318638919e-12, 4.154259401756288e-12, 4.218337918554527e-12, 4.282416001671896e-12, 4.346494084789265e-12, 4.4105721679066345e-12, 4.474650251024004e-12, 4.538728334141373e-12, 4.602806417258742e-12, 4.666884500376112e-12, 4.730962583493481e-12, 4.795041100291719e-12, 4.8591191834090885e-12, 4.923197266526458e-12, 4.987275349643827e-12, 5.0513534327611964e-12]}, "gradients/graph_1augment_model.layers.8.weight": {"_type": "histogram", "values": [4.0, 0.0, 1.0, 0.0, 2.0, 3.0, 10.0, 3.0, 166.0, 15.0, 3.0, 6.0, 5.0, 6.0, 3.0, 3.0, 1.0, 2.0, 0.0, 1.0, 3.0, 0.0, 4.0, 0.0, 2.0, 1.0, 0.0, 0.0, 2.0, 1.0, 1.0, 2.0, 1.0, 1.0, 1.0, 0.0, 0.0, 0.0, 0.0, 0.0, 0.0, 0.0, 0.0, 1.0, 0.0, 0.0, 1.0, 0.0, 0.0, 0.0, 0.0, 0.0, 0.0, 0.0, 0.0, 0.0, 0.0, 0.0, 0.0, 0.0, 0.0, 0.0, 0.0, 1.0], "bins": [-7.821889295121787e-13, -6.891410185561053e-13, -5.960930533899234e-13, -5.0304514243385e-13, -4.0999723147777667e-13, -3.1694932052170333e-13, -2.2390138246057567e-13, -1.3085345795197517e-13, -3.780553344337467e-14, 5.5242391065225827e-14, 1.4829031557382633e-13, 2.41338253634954e-13, 3.343861645910273e-13, 4.2743407554710067e-13, 5.20481986503174e-13, 6.13529951669356e-13, 7.065778626254293e-13, 7.996257735815027e-13, 8.926737387476846e-13, 9.857215954936493e-13, 1.0787695606598313e-12, 1.1718175258260133e-12, 1.264865382571978e-12, 1.35791334773816e-12, 1.450961312904342e-12, 1.5440091696503067e-12, 1.6370571348164886e-12, 1.7301049915624533e-12, 1.8231529567286353e-12, 1.9162009218948173e-12, 2.0092488870609992e-12, 2.1022966353867467e-12, 2.1953446005529287e-12, 2.2883925657191106e-12, 2.3814405308852926e-12, 2.47448827921104e-12, 2.567536244377222e-12, 2.660584209543404e-12, 2.753632174709586e-12, 2.846680139875768e-12, 2.9397278882015154e-12, 3.0327758533676974e-12, 3.1258238185338794e-12, 3.2188717837000613e-12, 3.3119197488662433e-12, 3.4049677140324253e-12, 3.4980154623581727e-12, 3.5910634275243547e-12, 3.684111175850102e-12, 3.777159141016284e-12, 3.870207106182466e-12, 3.963255071348648e-12, 4.05630303651483e-12, 4.149351001681012e-12, 4.242398966847194e-12, 4.335446932013376e-12, 4.428494897179558e-12, 4.52154286234574e-12, 4.614590827511922e-12, 4.707638358997235e-12, 4.800686324163417e-12, 4.893734289329599e-12, 4.986782254495781e-12, 5.079830219661963e-12, 5.172878184828145e-12]}, "gradients/graph_1augment_model.layers.6.bias": {"_type": "histogram", "values": [1.0, 0.0, 0.0, 0.0, 0.0, 0.0, 0.0, 0.0, 0.0, 0.0, 0.0, 0.0, 0.0, 0.0, 0.0, 0.0, 0.0, 0.0, 0.0, 1.0, 0.0, 0.0, 0.0, 0.0, 0.0, 0.0, 1.0, 1.0, 0.0, 0.0, 2.0, 0.0, 0.0, 0.0, 0.0, 1.0, 1.0, 2.0, 2.0, 1.0, 2.0, 0.0, 0.0, 4.0, 7.0, 75.0, 6.0, 0.0, 2.0, 1.0, 1.0, 1.0, 1.0, 1.0, 0.0, 0.0, 3.0, 4.0, 1.0, 0.0, 2.0, 2.0, 0.0, 2.0], "bins": [-1.1963957385549562e-12, -1.1702031487911824e-12, -1.1440104506071913e-12, -1.1178178608434175e-12, -1.0916251626594264e-12, -1.0654325728956526e-12, -1.0392398747116616e-12, -1.0130472849478878e-12, -9.86854695184114e-13, -9.606619970001229e-13, -9.34469407236349e-13, -9.08276709052358e-13, -8.820841192885842e-13, -8.558914753147018e-13, -8.296988313408193e-13, -8.035061873669369e-13, -7.773135433930545e-13, -7.51120899419172e-13, -7.249282554452896e-13, -6.987356114714072e-13, -6.725429674975247e-13, -6.463503777337509e-13, -6.201577337598685e-13, -5.939650897859861e-13, -5.677724458121036e-13, -5.415798018382212e-13, -5.153871578643388e-13, -4.891945138904563e-13, -4.630019241266825e-13, -4.3680925304774576e-13, -4.1061663617891764e-13, -3.844239922050352e-13, -3.582314024412614e-13, -3.3203875846737896e-13, -3.058461144934965e-13, -2.796534976246684e-13, -2.5346085365078597e-13, -2.2726820967690353e-13, -2.0107557925554825e-13, -1.7488294883419297e-13, -1.4869030486031054e-13, -1.224976608864281e-13, -9.630503046507283e-14, -7.011239326745397e-14, -4.3919756069835114e-14, -1.7727118872216258e-14, 8.465518325402599e-15, 3.4658155523021456e-14, 6.085079272064031e-14, 8.704342991825917e-14, 1.1323606711587803e-13, 1.394286975372333e-13, 1.6562134151111574e-13, 1.9181398548499817e-13, 2.1800661590635345e-13, 2.4419924632770873e-13, 2.7039189030159116e-13, 2.965845342754736e-13, 3.2277717824935603e-13, 3.4896979511818416e-13, 3.751624390920666e-13, 4.0135508306594903e-13, 4.2754769993477715e-13, 4.537403439086596e-13, 4.79932987882542e-13]}, "gradients/graph_1augment_model.layers.6.weight": {"_type": "histogram", "values": [1.0, 0.0, 0.0, 0.0, 0.0, 0.0, 0.0, 0.0, 0.0, 0.0, 0.0, 1.0, 0.0, 0.0, 0.0, 0.0, 0.0, 1.0, 0.0, 0.0, 0.0, 1.0, 2.0, 3.0, 1.0, 2.0, 2.0, 2.0, 2.0, 3.0, 3.0, 4.0, 3.0, 8.0, 10.0, 8.0, 10.0, 19.0, 19.0, 25.0, 43.0, 86.0, 183.0, 15318.0, 242.0, 123.0, 59.0, 46.0, 39.0, 17.0, 17.0, 18.0, 14.0, 13.0, 8.0, 6.0, 3.0, 7.0, 2.0, 1.0, 3.0, 1.0, 2.0, 3.0],