{"val_loss_class_step": 13.396881103515625, "trainer/global_step": 1824, "_timestamp": 1693503642.2158034, "_runtime": 66.73166346549988, "_step": 692, "val_loss_class_epoch": 9.454582214355469, "epoch": 72, "train_loss_class_epoch": 11.169466972351074, "train_loss_class_step": 10.889412879943848, "gradients/graph_8augment_model.layers.8.bias": {"_type": "histogram", "values": [1.0, 0.0, 0.0, 0.0, 0.0, 0.0, 0.0, 0.0, 0.0, 0.0, 0.0, 0.0, 0.0, 0.0, 0.0, 0.0, 0.0, 0.0, 0.0, 0.0, 0.0, 0.0, 0.0, 0.0, 0.0, 0.0, 0.0, 0.0, 0.0, 0.0, 0.0, 0.0, 0.0, 0.0, 0.0, 0.0, 0.0, 0.0, 0.0, 0.0, 0.0, 0.0, 0.0, 0.0, 0.0, 0.0, 0.0, 0.0, 0.0, 0.0, 0.0, 0.0, 0.0, 0.0, 0.0, 0.0, 0.0, 0.0, 0.0, 0.0, 0.0, 0.0, 0.0, 1.0], "bins": [-2.496667832474486e-07, 0.0025907570961862803, 0.0051817637868225574, 0.007772770244628191, 0.010363777168095112, 0.012954783625900745, 0.015545790083706379, 0.018136797472834587, 0.02072780393064022, 0.023318810388445854, 0.025909816846251488, 0.02850082330405712, 0.031091829761862755, 0.03368283808231354, 0.03627384454011917, 0.038864850997924805, 0.04145585745573044, 0.04404686391353607, 0.046637870371341705, 0.04922887682914734, 0.05181988328695297, 0.054410889744758606, 0.05700189620256424, 0.05959290266036987, 0.06218390911817551, 0.06477491557598114, 0.06736592203378677, 0.06995692849159241, 0.07254793494939804, 0.07513894140720367, 0.07772994786500931, 0.08032095432281494, 0.08291196078062057, 0.08550296723842621, 0.08809397369623184, 0.09068498015403748, 0.09327598661184311, 0.09586699306964874, 0.09845799952745438, 0.10104900598526001, 0.10364001244306564, 0.10623101890087128, 0.10882202535867691, 0.11141303181648254, 0.11400403827428818, 0.11659504473209381, 0.11918605118989944, 0.12177705764770508, 0.12436807155609131, 0.12695907056331635, 0.12955008447170258, 0.1321410834789276, 0.13473209738731384, 0.13732309639453888, 0.1399141103029251, 0.14250510931015015, 0.14509612321853638, 0.1476871222257614, 0.15027813613414764, 0.15286913514137268, 0.1554601490497589, 0.15805114805698395, 0.16064216196537018, 0.16323316097259521, 0.16582417488098145]}, "gradients/graph_8augment_model.layers.8.weight": {"_type": "histogram", "values": [1.0, 0.0, 3.0, 1.0, 1.0, 0.0, 1.0, 0.0, 1.0, 0.0, 1.0, 0.0, 0.0, 230.0, 0.0, 0.0, 2.0, 2.0, 0.0, 1.0, 2.0, 1.0, 0.0, 0.0, 0.0, 1.0, 0.0, 0.0, 1.0, 1.0, 0.0, 0.0, 1.0, 1.0, 0.0, 0.0, 0.0, 1.0, 1.0, 0.0, 1.0, 0.0, 0.0, 0.0, 0.0, 0.0, 0.0, 0.0, 0.0, 0.0, 0.0, 0.0, 0.0, 0.0, 0.0, 0.0, 0.0, 0.0, 0.0, 0.0, 0.0, 0.0, 0.0, 1.0], "bins": [-0.7991586923599243, -0.7408834099769592, -0.6826081275939941, -0.624332845211029, -0.566057562828064, -0.5077822804450989, -0.4495069980621338, -0.3912317156791687, -0.3329564332962036, -0.2746811509132385, -0.21640586853027344, -0.15813058614730835, -0.09985530376434326, -0.041580021381378174, 0.016695261001586914, 0.074970543384552, 0.1332458257675171, 0.19152110815048218, 0.24979639053344727, 0.30807167291641235, 0.36634695529937744, 0.42462223768234253, 0.4828975200653076, 0.5411728024482727, 0.5994480848312378, 0.6577233672142029, 0.715998649597168, 0.7742739319801331, 0.8325492143630981, 0.8908244967460632, 0.9490997791290283, 1.0073750019073486, 1.065650224685669, 1.1239254474639893, 1.1822007894515991, 1.240476131439209, 1.2987513542175293, 1.3570265769958496, 1.4153019189834595, 1.4735772609710693, 1.5318524837493896, 1.59012770652771, 1.6484030485153198, 1.7066783905029297, 1.76495361328125, 1.8232288360595703, 1.8815041780471802, 1.93977952003479, 1.9980547428131104, 2.0563299655914307, 2.11460542678833, 2.1728806495666504, 2.2311558723449707, 2.289431095123291, 2.3477063179016113, 2.4059817790985107, 2.464257001876831, 2.5225322246551514, 2.580807685852051, 2.639082908630371, 2.6973581314086914, 2.7556333541870117, 2.813908576965332, 2.8721840381622314, 2.9304592609405518]}, "gradients/graph_8augment_model.layers.6.bias": {"_type": "histogram", "values": [1.0, 0.0, 0.0, 0.0, 0.0, 0.0, 3.0, 0.0, 1.0, 3.0, 0.0, 1.0, 1.0, 3.0, 3.0, 2.0, 7.0, 95.0, 0.0, 0.0, 0.0, 0.0, 0.0, 1.0, 0.0, 0.0, 0.0, 1.0, 0.0, 1.0, 0.0, 0.0, 0.0, 1.0, 0.0, 0.0, 0.0, 0.0, 0.0, 0.0, 0.0, 1.0, 0.0, 1.0, 0.0, 0.0, 0.0, 0.0, 0.0, 0.0, 0.0, 0.0, 0.0, 1.0, 0.0, 0.0, 0.0, 0.0, 0.0, 0.0, 0.0, 0.0, 0.0, 1.0], "bins": [-0.022839870303869247, -0.021496610715985298, -0.02015335112810135, -0.0188100915402174, -0.01746683195233345, -0.0161235723644495, -0.014780312776565552, -0.013437053188681602, -0.012093793600797653, -0.010750534012913704, -0.009407274425029755, -0.008064014837145805, -0.006720755249261856, -0.005377495661377907, -0.0040342360734939575, -0.0026909764856100082, -0.001347716897726059, -4.45730984210968e-06, 0.0013388022780418396, 0.002682061865925789, 0.004025321453809738, 0.0053685810416936874, 0.006711840629577637, 0.008055100217461586, 0.009398359805345535, 0.010741619393229485, 0.012084878981113434, 0.013428138568997383, 0.014771398156881332, 0.01611465774476528, 0.01745791733264923, 0.01880117692053318, 0.02014443278312683, 0.02148769237101078, 0.02283095195889473, 0.02417421154677868, 0.025517471134662628, 0.026860730722546577, 0.028203990310430527, 0.029547249898314476, 0.030890509486198425, 0.032233767211437225, 0.033577028661966324, 0.03492029011249542, 0.03626354783773422, 0.03760680556297302, 0.03895006701350212, 0.04029332846403122, 0.04163658618927002, 0.04297984391450882, 0.04432310536503792, 0.04566636681556702, 0.04700962454080582, 0.04835288226604462, 0.049696143716573715, 0.051039405167102814, 0.052382662892341614, 0.053725920617580414, 0.05506918206810951, 0.05641244351863861, 0.05775570124387741, 0.05909895896911621, 0.06044222041964531, 0.06178548187017441, 0.06312873959541321]}, "gradients/graph_8augment_model.layers.6.weight": {"_type": "histogram", "values": [3.0, 1.0, 0.0, 1.0, 0.0, 1.0, 1.0, 0.0, 0.0, 1.0, 0.0, 2.0, 0.0, 2.0, 2.0, 2.0, 4.0, 4.0, 3.0, 0.0, 5.0, 16309.0, 8.0, 9.0, 2.0, 2.0, 2.0, 5.0, 2.0, 3.0, 0.0, 0.0, 1.0, 2.0, 0.0, 0.0, 0.0, 0.0, 0.0, 0.0, 0.0, 0.0, 0.0, 0.0, 0.0, 1.0, 1.0, 0.0, 0.0, 0.0, 1.0, 1.0, 0.0, 1.0, 1.0, 0.0, 0.0, 0.0, 0.0, 0.0, 0.0, 0.0, 0.0, 1.0], "bins": [-0.21730828285217285, -0.20708131790161133, -0.1968543529510498, -0.1866273730993271, -0.17640040814876556, -0.16617344319820404, -0.15594647824764252, -0.145719513297081, -0.13549253344535828, -0.12526556849479675, -0.11503860354423523, -0.1048116385936737, -0.09458467364311218, -0.08435770124197006, -0.07413073629140854, -0.06390376389026642, -0.053676798939704895, -0.04344983026385307, -0.03322286158800125, -0.022995896637439728, -0.012768927961587906, -0.0025419602170586586, 0.007685007527470589, 0.01791197434067726, 0.028138943016529083, 0.038365911692380905, 0.04859288036823273, 0.05881984531879425, 0.06904681026935577, 0.0792737826704979, 0.08950074762105942, 0.09972772002220154, 0.10995468497276306, 0.12018164992332458, 0.1304086148738861, 0.14063559472560883, 0.15086255967617035, 0.16108952462673187, 0.1713164895772934, 0.18154345452785492, 0.19177043437957764, 0.20199739933013916, 0.21222436428070068, 0.2224513292312622, 0.23267829418182373, 0.24290525913238525, 0.2531322240829468, 0.2633591890335083, 0.2735861539840698, 0.28381314873695374, 0.29404011368751526, 0.3042670786380768, 0.3144940435886383, 0.32472100853919983, 0.33494797348976135, 0.3451749384403229, 0.3554019033908844, 0.3656288683414459, 0.37585583329200745, 0.38608282804489136, 0.3963097929954529, 0.4065367579460144, 0.4167637228965759, 0.42699068784713745, 0.437217652797699]}, "gradients/graph_8augment_model.layers.4.bias": {"_type": "histogram", "values": [4.0, 0.0, 119.0, 0.0, 1.0, 0.0, 0.0, 0.0, 0.0, 0.0, 0.0, 0.0, 1.0, 0.0, 0.0, 0.0, 1.0, 0.0, 0.0, 0.0, 0.0, 0.0, 0.0, 0.0, 0.0, 0.0, 0.0, 0.0, 0.0, 0.0, 0.0, 0.0, 0.0, 0.0, 0.0, 0.0, 0.0, 0.0, 0.0, 0.0, 0.0, 0.0, 0.0, 0.0, 0.0, 1.0, 0.0, 0.0, 0.0, 0.0, 0.0, 0.0, 0.0, 0.0, 0.0, 0.0, 0.0, 0.0, 0.0, 0.0, 0.0, 0.0, 0.0, 1.0],