{"Rainy, Day": 13.368878364562988, "Clear, Day": 21.701961517333984, "Cloudy, Day": 12.966141700744629, "Clear, Night": 20.790462493896484, "Rainy, Night": 19.806901931762695, "Rainy, Dawn/Dusk": 15.8187894821167, "Clear, Dawn/Dusk": 14.10987663269043, "Cloudy, Night": 22.331398010253906, "Cloudy, Dawn/Dusk": 20.550289154052734, "total": 7.446908473968506}