{"Rainy, Day": 2442.53466796875, "Clear, Day": 2739.728515625, "Cloudy, Day": 2056.344970703125, "Clear, Night": 2368.911376953125, "Rainy, Night": 2081.991455078125, "Rainy, Dawn/Dusk": 2500.126220703125, "Clear, Dawn/Dusk": 2092.359619140625, "Cloudy, Night": 2775.932373046875, "Cloudy, Dawn/Dusk": 2838.099365234375, "total": 1034.5760498046875}