{"Rainy, Day": 2185.680908203125, "Clear, Day": 2720.379638671875, "Cloudy, Day": 2003.6136474609375, "Clear, Night": 2362.576416015625, "Rainy, Night": 2114.166015625, "Rainy, Dawn/Dusk": 2565.8310546875, "Clear, Dawn/Dusk": 2079.257568359375, "Cloudy, Night": 2948.48876953125, "Cloudy, Dawn/Dusk": 2919.07861328125, "total": 992.207763671875}