{"Rainy, Day": 53.02417755126953, "Clear, Day": 61.645469665527344, "Cloudy, Day": 53.64393997192383, "Clear, Night": 84.87818908691406, "Rainy, Night": 86.48310852050781, "Rainy, Dawn/Dusk": 71.028564453125, "Clear, Dawn/Dusk": 62.961143493652344, "Cloudy, Night": 91.7890396118164, "Cloudy, Dawn/Dusk": 76.90415954589844, "total": 48.19588088989258}