{"Rainy, Day": 22.781789779663086, "Clear, Day": 39.505584716796875, "Cloudy, Day": 24.575490951538086, "Clear, Night": 31.860706329345703, "Rainy, Night": 29.239099502563477, "Rainy, Dawn/Dusk": 33.4052848815918, "Clear, Dawn/Dusk": 25.666095733642578, "Cloudy, Night": 40.61616516113281, "Cloudy, Dawn/Dusk": 41.187400817871094, "total": 11.137831687927246}