{"Rainy, Day": 51.20551300048828, "Clear, Day": 62.098751068115234, "Cloudy, Day": 52.61187744140625, "Clear, Night": 81.52867889404297, "Rainy, Night": 87.0015640258789, "Rainy, Dawn/Dusk": 68.29214477539062, "Clear, Dawn/Dusk": 57.98433303833008, "Cloudy, Night": 94.94390106201172, "Cloudy, Dawn/Dusk": 73.42977142333984, "total": 45.439414978027344}