{"Rainy, Day": 22.656625747680664, "Clear, Day": 37.43794631958008, "Cloudy, Day": 23.72479248046875, "Clear, Night": 29.829721450805664, "Rainy, Night": 28.177213668823242, "Rainy, Dawn/Dusk": 31.07682228088379, "Clear, Dawn/Dusk": 23.36712074279785, "Cloudy, Night": 38.1529426574707, "Cloudy, Dawn/Dusk": 39.49650573730469, "total": 10.037778854370117}