{"Rainy, Day": 12.689359664916992, "Clear, Day": 19.21901512145996, "Cloudy, Day": 12.783275604248047, "Clear, Night": 20.97681427001953, "Rainy, Night": 20.440059661865234, "Rainy, Dawn/Dusk": 15.231886863708496, "Clear, Dawn/Dusk": 13.457463264465332, "Cloudy, Night": 21.588815689086914, "Cloudy, Dawn/Dusk": 19.456754684448242, "total": 6.936352252960205}