{"val_loss_class_step": 0.7367176413536072, "trainer/global_step": 1599, "_timestamp": 1693525944.0107663, "_runtime": 95.97619915008545, "_step": 631, "val_loss_class_epoch": 0.7721869945526123, "epoch": 99, "train_loss_class_epoch": 0.7134179472923279, "train_loss_class_step": 0.6414194703102112, "gradients/graph_1augment_model.layers.8.bias": {"_type": "histogram", "values": [1.0, 0.0, 0.0, 0.0, 0.0, 0.0, 0.0, 0.0, 0.0, 0.0, 0.0, 0.0, 0.0, 0.0, 0.0, 0.0, 0.0, 0.0, 0.0, 0.0, 0.0, 0.0, 0.0, 0.0, 0.0, 0.0, 0.0, 0.0, 0.0, 0.0, 0.0, 0.0, 0.0, 0.0, 0.0, 0.0, 0.0, 0.0, 0.0, 0.0, 0.0, 0.0, 0.0, 0.0, 0.0, 0.0, 0.0, 0.0, 0.0, 0.0, 0.0, 0.0, 0.0, 0.0, 0.0, 0.0, 0.0, 0.0, 0.0, 0.0, 0.0, 0.0, 0.0, 1.0], "bins": [-6.109188556671143, -6.009478569030762, -5.909768581390381, -5.810059070587158, -5.710349082946777, -5.6106390953063965, -5.510929107666016, -5.411219120025635, -5.311509132385254, -5.211799621582031, -5.11208963394165, -5.0123796463012695, -4.912669658660889, -4.812959671020508, -4.713250160217285, -4.613540172576904, -4.513830184936523, -4.414120197296143, -4.314410209655762, -4.214700698852539, -4.114990711212158, -4.015280723571777, -3.9155707359313965, -3.8158609867095947, -3.716150999069214, -3.616441011428833, -3.5167312622070312, -3.4170212745666504, -3.3173112869262695, -3.2176015377044678, -3.117891550064087, -3.018181800842285, -2.9184718132019043, -2.8187618255615234, -2.7190520763397217, -2.619342088699341, -2.519632339477539, -2.419922351837158, -2.3202123641967773, -2.2205026149749756, -2.1207926273345947, -2.021082639694214, -1.921372890472412, -1.8216629028320312, -1.72195303440094, -1.6222431659698486, -1.5225331783294678, -1.4228233098983765, -1.3231134414672852, -1.2234035730361938, -1.1236937046051025, -1.0239837169647217, -0.9242738485336304, -0.8245639801025391, -0.724854052066803, -0.6251441240310669, -0.5254342555999756, -0.4257243573665619, -0.3260144591331482, -0.2263045608997345, -0.1265946626663208, -0.026884764432907104, 0.07282513380050659, 0.1725350320339203, 0.272244930267334]}, "gradients/graph_1augment_model.layers.8.weight": {"_type": "histogram", "values": [1.0, 0.0, 0.0, 0.0, 0.0, 0.0, 0.0, 0.0, 0.0, 0.0, 0.0, 0.0, 0.0, 0.0, 1.0, 1.0, 1.0, 0.0, 0.0, 1.0, 0.0, 1.0, 0.0, 0.0, 0.0, 1.0, 0.0, 1.0, 0.0, 0.0, 1.0, 0.0, 0.0, 1.0, 1.0, 1.0, 1.0, 0.0, 1.0, 0.0, 0.0, 1.0, 0.0, 1.0, 0.0, 1.0, 1.0, 1.0, 2.0, 0.0, 0.0, 0.0, 1.0, 0.0, 1.0, 1.0, 0.0, 0.0, 1.0, 1.0, 0.0, 1.0, 202.0, 27.0], "bins": [-3.790682792663574, -3.7300336360931396, -3.669384717941284, -3.6087355613708496, -3.548086643218994, -3.4874374866485596, -3.426788568496704, -3.3661394119262695, -3.305490493774414, -3.2448413372039795, -3.184192419052124, -3.1235432624816895, -3.062894344329834, -3.0022451877593994, -2.941596269607544, -2.8809471130371094, -2.820298194885254, -2.7596490383148193, -2.6989998817443848, -2.6383509635925293, -2.5777018070220947, -2.5170528888702393, -2.4564037322998047, -2.395754814147949, -2.3351056575775146, -2.274456739425659, -2.2138075828552246, -2.153158664703369, -2.0925095081329346, -2.031860589981079, -1.9712114334106445, -1.9105623960494995, -1.849913239479065, -1.78926420211792, -1.728615164756775, -1.6679661273956299, -1.6073170900344849, -1.5466680526733398, -1.4860190153121948, -1.4253699779510498, -1.3647209405899048, -1.3040719032287598, -1.2434228658676147, -1.1827738285064697, -1.1221246719360352, -1.0614756345748901, -1.0008265972137451, -0.9401776194572449, -0.8795285224914551, -0.8188794851303101, -0.758230447769165, -0.69758141040802, -0.636932373046875, -0.57628333568573, -0.515634298324585, -0.45498523116111755, -0.39433619379997253, -0.3336871564388275, -0.2730380892753601, -0.2123890519142151, -0.15174001455307007, -0.09109096974134445, -0.030441924929618835, 0.03020711988210678, 0.0908561646938324]}, "gradients/graph_1augment_model.layers.6.bias": {"_type": "histogram", "values": [2.0, 0.0, 0.0, 0.0, 0.0, 0.0, 0.0, 1.0, 0.0, 0.0, 0.0, 0.0, 0.0, 0.0, 0.0, 0.0, 0.0, 1.0, 0.0, 1.0, 1.0, 0.0, 0.0, 0.0, 1.0, 0.0, 0.0, 0.0, 2.0, 2.0, 3.0, 3.0, 6.0, 94.0, 2.0, 1.0, 1.0, 0.0, 2.0, 1.0, 1.0, 0.0, 0.0, 0.0, 0.0, 1.0, 0.0, 0.0, 0.0, 1.0, 0.0, 0.0, 0.0, 0.0, 0.0, 0.0, 0.0, 0.0, 0.0, 0.0, 0.0, 0.0, 0.0, 1.0], "bins": [-0.5507183074951172, -0.534190833568573, -0.5176634192466736, -0.5011359453201294, -0.4846084713935852, -0.4680810272693634, -0.4515535831451416, -0.4350261092185974, -0.4184986650943756, -0.4019712209701538, -0.3854437470436096, -0.3689163029193878, -0.352388858795166, -0.3358613848686218, -0.3193339407444, -0.30280646681785583, -0.28627902269363403, -0.26975157856941223, -0.25322410464286804, -0.23669666051864624, -0.22016920149326324, -0.20364174246788025, -0.18711429834365845, -0.17058683931827545, -0.15405938029289246, -0.13753192126750946, -0.12100446969270706, -0.10447701811790466, -0.08794955909252167, -0.07142210006713867, -0.05489464849233627, -0.038367193192243576, -0.021839678287506104, -0.005312222987413406, 0.01121523231267929, 0.027742687612771988, 0.044270142912864685, 0.06079759821295738, 0.07732505351305008, 0.09385250508785248, 0.11037996411323547, 0.12690742313861847, 0.14343488216400146, 0.15996232628822327, 0.17648978531360626, 0.19301724433898926, 0.20954468846321106, 0.22607214748859406, 0.24259960651397705, 0.25912705063819885, 0.27565452456474304, 0.29218196868896484, 0.30870944261550903, 0.32523688673973083, 0.34176433086395264, 0.3582918047904968, 0.37481924891471863, 0.39134669303894043, 0.4078741669654846, 0.4244016110897064, 0.4409290552139282, 0.4574565291404724, 0.4739839732646942, 0.4905114471912384, 0.5070388913154602]}, "gradients/graph_1augment_model.layers.6.weight": {"_type": "histogram", "values": [1.0, 1.0, 0.0, 0.0, 0.0, 0.0, 0.0, 0.0, 1.0, 0.0, 0.0, 0.0, 0.0, 0.0, 1.0, 0.0, 2.0, 0.0, 0.0, 1.0, 1.0, 1.0, 1.0, 2.0, 4.0, 5.0, 5.0, 4.0, 12.0, 9.0, 18.0, 27.0, 24.0, 43.0, 100.0, 15967.0, 89.0, 28.0, 16.0, 7.0, 3.0, 5.0, 1.0, 1.0, 0.0, 0.0, 1.0, 0.0, 1.0, 0.0, 0.0, 0.0, 1.0, 0.0, 0.0, 0.0, 0.0, 0.0, 0.0, 0.0, 0.0, 0.0, 0.0, 1.0], "bins": [-0.3767350912094116, -0.3661120533943176, -0.355489045381546, -0.3448660373687744, -0.3342429995536804, -0.3236199617385864, -0.3129969537258148, -0.3023739457130432, -0.2917509078979492, -0.2811278700828552, -0.2705048620700836, -0.259881854057312, -0.24925881624221802, -0.23863579332828522, -0.22801277041435242, -0.21738974750041962, -0.20676672458648682, -0.19614370167255402, -0.18552067875862122, -0.17489765584468842, -0.16427463293075562, -0.15365161001682281, -0.14302858710289001, -0.13240556418895721, -0.12178254127502441, -0.11115951836109161, -0.10053649544715881, -0.08991347253322601, -0.07929044961929321, -0.06866742670536041, -0.05804440379142761, -0.04742138087749481, -0.036798328161239624, -0.026175305247306824, -0.015552282333374023, -0.004929259419441223, 0.005693763494491577, 0.016316786408424377, 0.026939809322357178, 0.03756283223628998, 0.04818585515022278, 0.05880887806415558, 0.06943190097808838, 0.08005492389202118, 0.09067794680595398, 0.10130096971988678, 0.11192399263381958, 0.12254701554775238, 0.13317003846168518, 0.14379306137561798, 0.15441608428955078, 0.16503910720348358, 0.17566213011741638, 0.18628515303134918, 0.19690817594528198, 0.20753119885921478, 0.21815422177314758, 0.22877724468708038, 0.23940026760101318, 0.2500233054161072, 0.2606463134288788, 0.2712693214416504, 0.2818923592567444, 0.2925153970718384, 0.30313840508461]}, "gradients/graph_1augment_model.layers.4.bias": {"_type": "histogram", "values": [1.0, 0.0, 0.0, 0.0, 0.0, 0.0, 0.0, 1.0, 0.0, 0.0, 0.0, 0.0, 0.0, 0.0, 0.0, 0.0, 0.0, 0.0, 0.0, 0.0, 1.0, 0.0, 0.0, 1.0, 0.0, 2.0, 0.0, 0.0, 0.0, 1.0, 0.0, 3.0, 3.0, 3.0, 3.0, 101.0, 3.0, 0.0, 0.0, 1.0, 1.0, 0.0, 0.0, 0.0, 1.0, 0.0, 0.0, 0.0, 1.0, 0.0, 0.0, 0.0, 0.0, 0.0, 0.0, 0.0, 0.0, 0.0, 0.0, 0.0, 0.0, 0.0, 0.0, 1.0],