daytime,score mean,score std,completion mean,completion std,duration mean,duration std,length mean,length std,collisions_layout mean,collisions_layout std,collisions_pedestrian mean,collisions_pedestrian std,collisions_vehicle mean,collisions_vehicle std,outside_route_lanes mean,outside_route_lanes std,red_light mean,red_light std,route_dev mean,route_dev std,route_timeout mean,route_timeout std,stop_infraction mean,stop_infraction std,vehicle_blocked mean,vehicle_blocked std
Morning,12.118430812844922,10.08854163497299,31.5185562449375,32.2899224917434,108.23889050177402,29.480707669033173,141.42135140447104,4.6094256862603556e-06,0.1111111111111111,0.31426968052735443,0.0,0.0,0.7777777777777778,0.7856742013183862,0.6666666666666666,0.4714045207910317,0.2222222222222222,0.41573970964154905,0.0,0.0,0.0,0.0,0.0,0.0,0.8888888888888888,0.3142696805273545
Night,10.808851370334866,11.404680058667038,36.89158166884546,38.00525630688709,147.31666886185607,99.75666375356211,141.42135425172472,4.090944195415855e-06,0.2222222222222222,0.6285393610547089,0.0,0.0,1.5555555555555556,2.4088314876309775,0.6666666666666666,0.4714045207910317,0.3333333333333333,0.6666666666666667,0.0,0.0,0.0,0.0,0.0,0.0,0.7777777777777778,0.41573970964154905
Twilight,11.177936371612276,17.421672354478403,29.66679363844957,35.927556364262436,209.13333644966283,298.49531987738766,141.42135316527268,4.4489028575944456e-06,1.2222222222222223,2.1998877636914815,0.0,0.0,2.7777777777777777,6.811392055108491,0.6666666666666666,0.4714045207910317,0.3333333333333333,0.47140452079103173,0.0,0.0,0.1111111111111111,0.31426968052735454,0.0,0.0,0.7777777777777778,0.41573970964154905
