daytime,score mean,score std,completion mean,completion std,duration mean,duration std,length mean,length std,collisions_layout mean,collisions_layout std,collisions_pedestrian mean,collisions_pedestrian std,collisions_vehicle mean,collisions_vehicle std,outside_route_lanes mean,outside_route_lanes std,red_light mean,red_light std,route_dev mean,route_dev std,route_timeout mean,route_timeout std,stop_infraction mean,stop_infraction std,vehicle_blocked mean,vehicle_blocked std
Morning,5.117478593024755,6.7660246561465485,31.80072431051815,29.586362108100996,158.8555579226878,60.791239512735174,141.42135140447104,4.6094256862603556e-06,0.8888888888888888,1.4487116456005886,0.0,0.0,2.111111111111111,3.107140323135458,0.5555555555555556,0.4969039949999533,0.0,0.0,0.0,0.0,0.2222222222222222,0.41573970964154905,0.0,0.0,0.7777777777777778,0.41573970964154905
Night,14.778364923790273,29.845773950876296,44.094560249913506,39.709884137230496,169.45000252500176,116.24374947323412,141.42135425172472,4.090944195415855e-06,0.2222222222222222,0.628539361054709,0.0,0.0,2.5555555555555554,2.712567914607489,0.5555555555555556,0.4969039949999533,0.0,0.0,0.0,0.0,0.0,0.0,0.0,0.0,0.7777777777777778,0.41573970964154905
Twilight,12.740258694276735,18.009112182578267,26.391440947007364,23.66554018241179,205.53333639601865,174.16091318588826,141.42135316527268,4.4489028575944456e-06,0.3333333333333333,0.9428090415820631,0.0,0.0,1.0,1.4907119849998598,0.4444444444444444,0.4969039949999533,0.0,0.0,0.0,0.0,0.0,0.0,0.0,0.0,1.0,0.0
