daytime,score mean,score std,completion mean,completion std,duration mean,duration std,length mean,length std,collisions_layout mean,collisions_layout std,collisions_pedestrian mean,collisions_pedestrian std,collisions_vehicle mean,collisions_vehicle std,outside_route_lanes mean,outside_route_lanes std,red_light mean,red_light std,route_dev mean,route_dev std,route_timeout mean,route_timeout std,stop_infraction mean,stop_infraction std,vehicle_blocked mean,vehicle_blocked std
Morning,21.615727332547372,22.292397913686038,50.084887238369575,37.879560497497096,222.5333366493384,254.37824906057526,141.42135140447104,4.6094256862603556e-06,2.5555555555555554,7.228202652129152,0.0,0.0,1.2222222222222223,1.617802197617893,0.4444444444444444,0.4969039949999533,0.2222222222222222,0.41573970964154905,0.0,0.0,0.0,0.0,0.0,0.0,0.7777777777777778,0.41573970964154905
Night,20.34024236439334,25.808157410250363,38.55153440819816,32.00216148594659,275.7944485541019,282.9935077195588,141.42135425172472,4.090944195415855e-06,0.7777777777777778,1.617802197617893,0.0,0.0,2.2222222222222223,4.3404499965832475,0.4444444444444444,0.4969039949999533,0.0,0.0,0.0,0.0,0.0,0.0,0.0,0.0,0.8888888888888888,0.3142696805273545
Twilight,19.019978477935155,23.641252123275375,32.59367794476083,40.266580800228645,113.55555724766519,27.686864972061112,141.42135316527268,4.4489028575944456e-06,0.3333333333333333,0.47140452079103173,0.0,0.0,0.3333333333333333,0.47140452079103173,0.5555555555555556,0.4969039949999533,0.2222222222222222,0.41573970964154905,0.0,0.0,0.0,0.0,0.0,0.0,0.7777777777777778,0.41573970964154905
